{
  "user": [
    {
      "id": "1712205193181",
      "name": "krishna patel",
      "email": "ksrishna@gmail.com",
      "password": "1234",
      "mobile": "111111111111",
      "status": "Unblock"
    },
    {
      "id": "1719987212264",
      "name": "Jay",
      "email": "jay@gmail.com",
      "password": "1234",
      "mobile": "9898034444",
      "status": "Unblock"
    },
    {
      "id": "1719988123532",
      "name": "rajesh",
      "email": "raj@gmail.com",
      "password": "12345",
      "mobile": "9898989898",
      "status": "Unblock"
    }
  ]
}